{"frames":{"goodPlatform0.png":{"frame":{"x":0,"y":0,"w":32,"h":16},"rotated":false,"trimmed":false,"spriteSourceSize":{"x":0,"y":0,"w":32,"h":16},"sourceSize":{"w":32,"h":16}},"goodPlatform1.png":{"frame":{"x":32,"y":0,"w":32,"h":16},"rotated":false,"trimmed":false,"spriteSourceSize":{"x":0,"y":0,"w":32,"h":16},"sourceSize":{"w":32,"h":16}},"goodPlatform2.png":{"frame":{"x":0,"y":16,"w":32,"h":16},"rotated":false,"trimmed":false,"spriteSourceSize":{"x":0,"y":0,"w":32,"h":16},"sourceSize":{"w":32,"h":16}},"goodPlatform3.png":{"frame":{"x":32,"y":16,"w":32,"h":16},"rotated":false,"trimmed":false,"spriteSourceSize":{"x":0,"y":0,"w":32,"h":16},"sourceSize":{"w":32,"h":16}},"goodPlatform4.png":{"frame":{"x":0,"y":32,"w":32,"h":16},"rotated":false,"trimmed":false,"spriteSourceSize":{"x":0,"y":0,"w":32,"h":16},"sourceSize":{"w":32,"h":16}},"goodPlatform5.png":{"frame":{"x":32,"y":32,"w":32,"h":16},"rotated":false,"trimmed":false,"spriteSourceSize":{"x":0,"y":0,"w":32,"h":16},"sourceSize":{"w":32,"h":16}},"goodPlatform6.png":{"frame":{"x":0,"y":48,"w":32,"h":16},"rotated":false,"trimmed":false,"spriteSourceSize":{"x":0,"y":0,"w":32,"h":16},"sourceSize":{"w":32,"h":16}},"goodPlatform7.png":{"frame":{"x":32,"y":48,"w":32,"h":16},"rotated":false,"trimmed":false,"spriteSourceSize":{"x":0,"y":0,"w":32,"h":16},"sourceSize":{"w":32,"h":16}}},"meta":{"app":"https://github.com/piskelapp/piskel/","version":"1.0","image":"goodPlatform.png","format":"RGBA8888","size":{"w":64,"h":64}}}