{"frames":{"badPlatform0.png":{"frame":{"x":0,"y":0,"w":32,"h":16},"rotated":false,"trimmed":false,"spriteSourceSize":{"x":0,"y":0,"w":32,"h":16},"sourceSize":{"w":32,"h":16}},"badPlatform1.png":{"frame":{"x":32,"y":0,"w":32,"h":16},"rotated":false,"trimmed":false,"spriteSourceSize":{"x":0,"y":0,"w":32,"h":16},"sourceSize":{"w":32,"h":16}},"badPlatform2.png":{"frame":{"x":64,"y":0,"w":32,"h":16},"rotated":false,"trimmed":false,"spriteSourceSize":{"x":0,"y":0,"w":32,"h":16},"sourceSize":{"w":32,"h":16}},"badPlatform3.png":{"frame":{"x":96,"y":0,"w":32,"h":16},"rotated":false,"trimmed":false,"spriteSourceSize":{"x":0,"y":0,"w":32,"h":16},"sourceSize":{"w":32,"h":16}},"badPlatform4.png":{"frame":{"x":128,"y":0,"w":32,"h":16},"rotated":false,"trimmed":false,"spriteSourceSize":{"x":0,"y":0,"w":32,"h":16},"sourceSize":{"w":32,"h":16}},"badPlatform5.png":{"frame":{"x":160,"y":0,"w":32,"h":16},"rotated":false,"trimmed":false,"spriteSourceSize":{"x":0,"y":0,"w":32,"h":16},"sourceSize":{"w":32,"h":16}},"badPlatform6.png":{"frame":{"x":192,"y":0,"w":32,"h":16},"rotated":false,"trimmed":false,"spriteSourceSize":{"x":0,"y":0,"w":32,"h":16},"sourceSize":{"w":32,"h":16}},"badPlatform7.png":{"frame":{"x":224,"y":0,"w":32,"h":16},"rotated":false,"trimmed":false,"spriteSourceSize":{"x":0,"y":0,"w":32,"h":16},"sourceSize":{"w":32,"h":16}}},"meta":{"app":"https://github.com/piskelapp/piskel/","version":"1.0","image":"badPlatform.png","format":"RGBA8888","size":{"w":256,"h":16}}}